{"cameraMode":{"drawMode":0,"name":"Shaded","section":"Shading Mode"},"sceneLighting":true,"audioPlay":false,"sceneViewState":{"m_AlwaysRefresh":false,"showFog":true,"showSkybox":true,"showFlares":true,"showImageEffects":true,"showParticleSystems":true,"showVisualEffectGraphs":true,"m_FxEnabled":true},"in2DMode":false,"pivot":{"x":0.19403499364852906,"y":0.8402832746505737,"z":0.2680477499961853},"rotation":{"x":-0.026427332311868669,"y":0.9443410634994507,"z":-0.07837969064712525,"w":-0.3184027671813965},"size":0.5729278326034546,"orthographic":false}